Workbook
Name Archivi: Vocabolari!$C$2:$C$7
Name Audio: Vocabolari!$E$2:$E$4
Name Biblioteca: Vocabolari!$B$2:$B$6
Name ElencoClassi: Vocabolari!$B$1:$I$1
Name Immagini: Vocabolari!$D$2:$D$8
Name Materiali_Creativi: Vocabolari!$I$2:$I$5
Name Oggetti__Museo_Kere_: Vocabolari!$G$2:$G$7
Name Radici__Genealogia_e_Memoria_: Vocabolari!$H$2:$H$5
Name Video: Vocabolari!$F$2:$F$6

Sheet Record
A1: ID | B1: Classe (macro) | C1: Sottoclasse (tipologia) | D1: Codice oggetto (nomefile) | E1: Percorso Cloud | F1: Nome/Titolo | G1: Data | H1: Descrizione/Regesto | I1: Fondo/Provenienza | J1: Formato HD MASTER | K1: Formato SD DERIVATO | L1: URI MASTER (es. IIIF/archivio) | M1: URI DERIVATO (web/preview) | N1: Diritti/Licenza (SI) | O1: Metadatazione | P1: Stato QC | Q1: Note tecniche (nomenclatura/QC)
B2: Biblioteca | C2: libri | D2: bib--yyyy-0002 | E2: =IF(AND(LEN(B2)>0,LEN(C2)>0),"/Digiteca/"&B2&"/"&C2&"/","") -> /Digiteca/Biblioteca/libri/
B3: Archivi | C3: notarili | D3: arc--yyyy-0003 | E3: =IF(AND(LEN(B3)>0,LEN(C3)>0),"/Digiteca/"&B3&"/"&C3&"/","") -> /Digiteca/Archivi/notarili/
B4: Immagini | C4: storiche | D4: img--yyyy-0004 | E4: =IF(AND(LEN(B4)>0,LEN(C4)>0),"/Digiteca/"&B4&"/"&C4&"/","") -> /Digiteca/Immagini/storiche/
B5: Video | C5: eventi | D5: vid--yyyy-0005 | E5: =IF(AND(LEN(B5)>0,LEN(C5)>0),"/Digiteca/"&B5&"/"&C5&"/","") -> /Digiteca/Video/eventi/
B6: Audio | C6: memorie | D6: aud--yyyy-0006 | E6: =IF(AND(LEN(B6)>0,LEN(C6)>0),"/Digiteca/"&B6&"/"&C6&"/","") -> /Digiteca/Audio/memorie/
B7: Kere | C7: utensili | D7: ker--yyyy-0007 | E7: =IF(AND(LEN(B7)>0,LEN(C7)>0),"/Digiteca/"&B7&"/"&C7&"/","") -> /Digiteca/Kere/utensili/
B8: Radici | C8: persone | D8: rad--yyyy-0008 | E8: =IF(AND(LEN(B8)>0,LEN(C8)>0),"/Digiteca/"&B8&"/"&C8&"/","") -> /Digiteca/Radici/persone/
B9: Materiali | C9: didattici | D9: mat--yyyy-0009 | E9: =IF(AND(LEN(B9)>0,LEN(C9)>0),"/Digiteca/"&B9&"/"&C9&"/","") -> /Digiteca/Materiali/didattici/
D10: =IFERROR(UPPER(VLOOKUP(B10,Codici!$A:$B,2,0))&"-"&UPPER(LEFT(C10,3))&"-"&IF(LEN(G10)>=4,LEFT(G10,4),"YYYY")&"-"&TEXT(ROW()-1,"0000"),"") | E10: =IF(AND(LEN(B10)>0,LEN(C10)>0),"/Digiteca/"&B10&"/"&C10&"/","")
D11: =IFERROR(UPPER(VLOOKUP(B11,Codici!$A:$B,2,0))&"-"&UPPER(LEFT(C11,3))&"-"&IF(LEN(G11)>=4,LEFT(G11,4),"YYYY")&"-"&TEXT(ROW()-1,"0000"),"") | E11: =IF(AND(LEN(B11)>0,LEN(C11)>0),"/Digiteca/"&B11&"/"&C11&"/","")
D12: =IFERROR(UPPER(VLOOKUP(B12,Codici!$A:$B,2,0))&"-"&UPPER(LEFT(C12,3))&"-"&IF(LEN(G12)>=4,LEFT(G12,4),"YYYY")&"-"&TEXT(ROW()-1,"0000"),"") | E12: =IF(AND(LEN(B12)>0,LEN(C12)>0),"/Digiteca/"&B12&"/"&C12&"/","")
D13: =IFERROR(UPPER(VLOOKUP(B13,Codici!$A:$B,2,0))&"-"&UPPER(LEFT(C13,3))&"-"&IF(LEN(G13)>=4,LEFT(G13,4),"YYYY")&"-"&TEXT(ROW()-1,"0000"),"") | E13: =IF(AND(LEN(B13)>0,LEN(C13)>0),"/Digiteca/"&B13&"/"&C13&"/","")
D14: =IFERROR(UPPER(VLOOKUP(B14,Codici!$A:$B,2,0))&"-"&UPPER(LEFT(C14,3))&"-"&IF(LEN(G14)>=4,LEFT(G14,4),"YYYY")&"-"&TEXT(ROW()-1,"0000"),"") | E14: =IF(AND(LEN(B14)>0,LEN(C14)>0),"/Digiteca/"&B14&"/"&C14&"/","")
D15: =IFERROR(UPPER(VLOOKUP(B15,Codici!$A:$B,2,0))&"-"&UPPER(LEFT(C15,3))&"-"&IF(LEN(G15)>=4,LEFT(G15,4),"YYYY")&"-"&TEXT(ROW()-1,"0000"),"") | E15: =IF(AND(LEN(B15)>0,LEN(C15)>0),"/Digiteca/"&B15&"/"&C15&"/","")
D16: =IFERROR(UPPER(VLOOKUP(B16,Codici!$A:$B,2,0))&"-"&UPPER(LEFT(C16,3))&"-"&IF(LEN(G16)>=4,LEFT(G16,4),"YYYY")&"-"&TEXT(ROW()-1,"0000"),"") | E16: =IF(AND(LEN(B16)>0,LEN(C16)>0),"/Digiteca/"&B16&"/"&C16&"/","")
D17: =IFERROR(UPPER(VLOOKUP(B17,Codici!$A:$B,2,0))&"-"&UPPER(LEFT(C17,3))&"-"&IF(LEN(G17)>=4,LEFT(G17,4),"YYYY")&"-"&TEXT(ROW()-1,"0000"),"") | E17: =IF(AND(LEN(B17)>0,LEN(C17)>0),"/Digiteca/"&B17&"/"&C17&"/","")
D18: =IFERROR(UPPER(VLOOKUP(B18,Codici!$A:$B,2,0))&"-"&UPPER(LEFT(C18,3))&"-"&IF(LEN(G18)>=4,LEFT(G18,4),"YYYY")&"-"&TEXT(ROW()-1,"0000"),"") | E18: =IF(AND(LEN(B18)>0,LEN(C18)>0),"/Digiteca/"&B18&"/"&C18&"/","")
D19: =IFERROR(UPPER(VLOOKUP(B19,Codici!$A:$B,2,0))&"-"&UPPER(LEFT(C19,3))&"-"&IF(LEN(G19)>=4,LEFT(G19,4),"YYYY")&"-"&TEXT(ROW()-1,"0000"),"") | E19: =IF(AND(LEN(B19)>0,LEN(C19)>0),"/Digiteca/"&B19&"/"&C19&"/","")
D20: =IFERROR(UPPER(VLOOKUP(B20,Codici!$A:$B,2,0))&"-"&UPPER(LEFT(C20,3))&"-"&IF(LEN(G20)>=4,LEFT(G20,4),"YYYY")&"-"&TEXT(ROW()-1,"0000"),"") | E20: =IF(AND(LEN(B20)>0,LEN(C20)>0),"/Digiteca/"&B20&"/"&C20&"/","")
D21: =IFERROR(UPPER(VLOOKUP(B21,Codici!$A:$B,2,0))&"-"&UPPER(LEFT(C21,3))&"-"&IF(LEN(G21)>=4,LEFT(G21,4),"YYYY")&"-"&TEXT(ROW()-1,"0000"),"") | E21: =IF(AND(LEN(B21)>0,LEN(C21)>0),"/Digiteca/"&B21&"/"&C21&"/","")
... D1000: =IFERROR(UPPER(VLOOKUP(B1000,Codici!$A:$B,2,0))&"-"&UPPER(LEFT(C1000,3))&"-"&IF(LEN(G1000)>=4,LEFT(G1000,4),"YYYY")&"-"&TEXT(ROW()-1,"0000"),"") | E1000: =IF(AND(LEN(B1000)>0,LEN(C1000)>0),"/Digiteca/"&B1000&"/"&C1000&"/","")

Sheet Vocabolari
A1: ElencoClassi | B1: Biblioteca | C1: Archivi | D1: Immagini | E1: Audio | F1: Video | G1: Oggetti__Museo_Kere_ | H1: Radici__Genealogia_e_Memoria_ | I1: Materiali_Creativi
B2: Libri_a_stampa | C2: Atti_notarili | D2: Foto_storiche | E2: Memorie_orali | F2: Eventi_pubblici_istituzionali | G2: Utensili_agricoli | H2: Genealogie | I2: Mostre_digitali_Virtual_tour
B3: Periodici_e_riviste | C3: Catasti_e_numerazioni | D3: Foto_contemporanee | E3: Musica_popolare | F3: Manifestazioni_popolari | G3: Strumenti_artigianali | H3: Necrologi_lapidi | I3: Animazioni_foto_animate
B4: Opuscoli_Brochure | C4: Registri_comunali | D4: Ritratti_foto_famiglia | E4: Registrazioni_eventi | F4: Documentari_reportage | G4: Arredi_domestici | H4: Foto_famiglia | I4: Podcast_narrazioni
B5: Bibliografie_Studi | C5: Carteggi_Lettere | D5: Manifesti_locandine | F5: Interviste_filmate | G5: Attrezzi_lavoro | H5: Documenti_personali | I5: Contenuti_didattici
B6: Manoscritti_letterari | C6: Mappe_cartografia | D6: Disegni_Stampe_Incisioni | F6: Riprese_teatrali_spettacoli | G6: Oggetti_rituali_religiosi
C7: Documenti_amministrativi | D7: Mappe_illustrate | G7: Oggetti_vita_quotidiana
D8: Pergamene_Fogli_sciolti

Sheet Nomenclatura_QC
A1: Campo | B1: Esempio
A2: Biblioteca | B2: BIB-LIBRI-0001 (Libro a stampa)
A3: Archivi | B3: ARC-NOT-1709-0001 (Atto notarile)
A4: Immagini | B4: IMG-FOTO-1950-0001 (Foto storica)
A5: Audio | B5: AUD-MEM-1975-0001 (Memoria orale)
A6: Video | B6: VID-CONS-1998-0001 (Consiglio comunale)
A7: Oggetti (Museo Kere) | B7: KER-AGR-0001 (Utensile agricolo)
A8: Radici | B8: RAD-GEN-SPARANO-0001 (Genealogia famiglia Sparano)
A9: Materiali Creativi | B9: CRE-MOSTRA-2025-0001 (Mostra digitale)
A11: Stati QC | B11: Descrizione
A12: Da verificare | B12: Il file è stato inserito ma non controllato
A13: OK | B13: Il file ha superato il controllo qualità
A14: Da rifare | B14: Il file deve essere riacquisito o corretto

Sheet Codici
A1: Classe_norm | B1: Prefisso
A2: Biblioteca | B2: BIB
A3: Archivi | B3: ARC
A4: Immagini | B4: IMG
A5: Audio | B5: AUD
A6: Video | B6: VID
A7: Oggetti_Museo_Kere | B7: KER
A8: Radici | B8: RAD
A9: Materiali_Creativi | B9: CRE
